{
  "hash": "f2e8e6b6",
  "configHash": "2724a238",
  "lockfileHash": "2ab19100",
  "browserHash": "1e32eccd",
  "optimized": {
    "@angular/common": {
      "src": "../../../../../../node_modules/@angular/common/fesm2022/common.mjs",
      "file": "@angular_common.js",
      "fileHash": "fffb6a2b",
      "needsInterop": false
    },
    "@angular/common/http": {
      "src": "../../../../../../node_modules/@angular/common/fesm2022/http.mjs",
      "file": "@angular_common_http.js",
      "fileHash": "ab5e726e",
      "needsInterop": false
    },
    "@angular/core": {
      "src": "../../../../../../node_modules/@angular/core/fesm2022/core.mjs",
      "file": "@angular_core.js",
      "fileHash": "0a8a8287",
      "needsInterop": false
    },
    "@angular/forms": {
      "src": "../../../../../../node_modules/@angular/forms/fesm2022/forms.mjs",
      "file": "@angular_forms.js",
      "fileHash": "5eff790c",
      "needsInterop": false
    },
    "@angular/platform-browser": {
      "src": "../../../../../../node_modules/@angular/platform-browser/fesm2022/platform-browser.mjs",
      "file": "@angular_platform-browser.js",
      "fileHash": "b373f359",
      "needsInterop": false
    },
    "@angular/router": {
      "src": "../../../../../../node_modules/@angular/router/fesm2022/router.mjs",
      "file": "@angular_router.js",
      "fileHash": "feaa8189",
      "needsInterop": false
    },
    "howler": {
      "src": "../../../../../../node_modules/howler/dist/howler.js",
      "file": "howler.js",
      "fileHash": "978ffe6e",
      "needsInterop": true
    },
    "ngx-cookie-service": {
      "src": "../../../../../../node_modules/ngx-cookie-service/fesm2022/ngx-cookie-service.mjs",
      "file": "ngx-cookie-service.js",
      "fileHash": "be350342",
      "needsInterop": false
    },
    "rxjs": {
      "src": "../../../../../../node_modules/rxjs/dist/esm5/index.js",
      "file": "rxjs.js",
      "fileHash": "31072669",
      "needsInterop": false
    }
  },
  "chunks": {
    "chunk-UAW273NG": {
      "file": "chunk-UAW273NG.js"
    },
    "chunk-AMYNJVAN": {
      "file": "chunk-AMYNJVAN.js"
    },
    "chunk-WSFS2DF6": {
      "file": "chunk-WSFS2DF6.js"
    },
    "chunk-QOAMC52F": {
      "file": "chunk-QOAMC52F.js"
    },
    "chunk-N3GH2MWP": {
      "file": "chunk-N3GH2MWP.js"
    },
    "chunk-P6U2JBMQ": {
      "file": "chunk-P6U2JBMQ.js"
    },
    "chunk-3OV72XIM": {
      "file": "chunk-3OV72XIM.js"
    }
  }
}